<application>
  <component name="GitRememberedInputs">
    <option name="visitedUrls">
      <list>
        <UrlAndUserName>
          <option name="url" value="http://github.com" />
          <option name="userName" value="1570769179@qq.com" />
        </UrlAndUserName>
        <UrlAndUserName>
          <option name="url" value="http://gitlab.aimusic.art" />
          <option name="userName" value="1570769179@qq.com" />
        </UrlAndUserName>
      </list>
    </option>
  </component>
</application>